Reporter,Partner,Trade Value (US$)
Poland,Afghanistan,9596572
Poland,Albania,66487707
Poland,Antarctica,499190
Poland,Algeria,376354867
Poland,American Samoa,2404
Poland,Andorra,4884650
Poland,Angola,14012019
Poland,Antigua and Barbuda,138867219
Poland,Azerbaijan,80820858
Poland,Argentina,119031488
Poland,Australia,661642277
Poland,Austria,5146367285
Poland,Bahamas,362348237
Poland,Bahrain,22315720
Poland,Bangladesh,73244423
Poland,Armenia,44600471
Poland,Barbados,3170728
Poland,Belgium,6105069123
Poland,Bermuda,854530
Poland,Bhutan,185398
Poland,Bolivia (Plurinational State of),7648253
Poland,Bosnia Herzegovina,284013728
Poland,Botswana,862931
Poland,Brazil,491194932
Poland,Belize,1210747
Poland,Solomon Isds,364
Poland,Br. Virgin Isds,1193362
Poland,Brunei Darussalam,2276680
Poland,Bulgaria,1258906902
Poland,Myanmar,64643049
Poland,Burundi,887964
Poland,Belarus,1703091968
Poland,Cambodia,11729767
Poland,Cameroon,13374682
Poland,Canada,1408281113
Poland,Cabo Verde,2875356
Poland,Cayman Isds,13491811
Poland,Central African Rep.,1085192
Poland,Sri Lanka,38134308
Poland,Chad,7468999
Poland,Chile,266159477
Poland,China,2501427073
Poland,Colombia,82746115
Poland,Comoros,1690269
Poland,Congo,25340272
Poland,Dem. Rep. of the Congo,21161547
Poland,Cook Isds,910974
Poland,Costa Rica,14360750
Poland,Croatia,995434079
Poland,Cuba,19541282
Poland,Cyprus,227318325
Poland,Czechia,16657343954
Poland,Benin,28518924
Poland,Denmark,4572938433
Poland,Dominica,1087945
Poland,Dominican Rep.,25133425
Poland,Ecuador,32273864
Poland,El Salvador,4018872
Poland,Equatorial Guinea,4842981
Poland,Ethiopia,20315798
Poland,Eritrea,860386
Poland,Estonia,1279520206
Poland,Faeroe Isds,37443300
Poland,Falkland Isds (Malvinas),117974
Poland,Fiji,1418887
Poland,Finland,2222097307
Poland,France,14518561897
Poland,French Polynesia,872947
Poland,Fr. South Antarctic Terr.,1142115
Poland,Djibouti,5708097
Poland,Gabon,14841964
Poland,Georgia,136001993
Poland,Gambia,5339401
Poland,State of Palestine,9803588
Poland,Germany,73691774699
Poland,Ghana,54657049
Poland,Gibraltar,31877558
Poland,Greece,1026775049
Poland,Greenland,2470328
Poland,Grenada,13214
Poland,Guam,113873
Poland,Guatemala,10428942
Poland,Guinea,39082970
Poland,Guyana,2691416
Poland,Haiti,8577125
Poland,Holy See (Vatican City State),94717
Poland,Honduras,8623396
Poland,Hungary,6986545572
Poland,Iceland,125284010
Poland,Indonesia,153697314
Poland,Iran,79077681
Poland,Iraq,115881502
Poland,Ireland,1178512368
Poland,Israel,693344120
Poland,Italy,12043729233
Poland,Côte d'Ivoire,38487311
Poland,Jamaica,6883558
Poland,Japan,671576686
Poland,Kazakhstan,521737176
Poland,Jordan,107018236
Poland,Kenya,47561137
Poland,Dem. People's Rep. of Korea,88705
Poland,Rep. of Korea,615308404
Poland,Kuwait,108458023
Poland,Kyrgyzstan,21310330
Poland,Lao People's Dem. Rep.,2892678
Poland,Lebanon,88885573
Poland,Lesotho,8790
Poland,Latvia,1642018900
Poland,Liberia,8327393
Poland,Libya,51646725
Poland,Lithuania,3850438167
Poland,Luxembourg,487243972
Poland,Madagascar,4052743
Poland,Malawi,1510996
Poland,Malaysia,185379710
Poland,Maldives,9042960
Poland,Mali,15968217
Poland,Malta,73935501
Poland,Mauritania,19656200
Poland,Mauritius,9292264
Poland,Mexico,754680108
Poland,Mongolia,58891693
Poland,Rep. of Moldova,232114446
Poland,Montenegro,35419553
Poland,Morocco,366173887
Poland,Mozambique,9361023
Poland,Oman,75058961
Poland,Namibia,5249944
Poland,Nauru,29673
Poland,Nepal,2714985
Poland,Netherlands,11834130715
Poland,Curaçao,2377000
Poland,Aruba,649808
Poland,Saint Maarten,1206592
Poland,Bonaire,223804
Poland,New Caledonia,4301353
Poland,Vanuatu,3120294
Poland,New Zealand,187269747
Poland,Nicaragua,1295536
Poland,Niger,4910571
Poland,Nigeria,110582901
Poland,Norway,3090520846
Poland,N. Mariana Isds,262
Poland,United States Minor Outlying Islands,92172
Poland,FS Micronesia,278
Poland,Marshall Isds,25312274
Poland,Pakistan,112950001
Poland,Panama,135500448
Poland,Papua New Guinea,1491869
Poland,Paraguay,14276793
Poland,Peru,71833230
Poland,Philippines,95030930
Poland,Portugal,1141217981
Poland,Guinea-Bissau,2232426
Poland,Timor-Leste,87911
Poland,Qatar,101291692
Poland,Romania,5373245852
Poland,Russian Federation,8008860455
Poland,Rwanda,1359523
Poland,Saint Barthélemy,52028
Poland,Saint Helena,87
Poland,Saint Kitts and Nevis,4288973
Poland,Anguilla,155810
Poland,Saint Lucia,94362
Poland,Saint Pierre and Miquelon,4862
Poland,Saint Vincent and the Grenadines,2147270
Poland,San Marino,33775056
Poland,Sao Tome and Principe,169091
Poland,Saudi Arabia,850758885
Poland,Senegal,69239007
Poland,Serbia,1051503744
Poland,Seychelles,7442318
Poland,Sierra Leone,10944365
Poland,India,819617251
Poland,Singapore,278587997
Poland,Slovakia,6734402633
Poland,Viet Nam,338491695
Poland,Slovenia,1087486327
Poland,Somalia,6720126
Poland,South Africa,776253404
Poland,Zimbabwe,5880298
Poland,Spain,6722818093
Poland,South Sudan,4527
Poland,Sudan,15504709
Poland,Western Sahara,1652
Poland,Suriname,6797927
Poland,Eswatini,36412
Poland,Sweden,7258856655
Poland,Switzerland,2343589411
Poland,Syria,11902274
Poland,Tajikistan,19247022
Poland,Thailand,281715476
Poland,Togo,17720507
Poland,Tonga,3178
Poland,Trinidad and Tobago,7872651
Poland,United Arab Emirates,529201170
Poland,Tunisia,127660631
Poland,Turkey,2999226907
Poland,Turkmenistan,21604262
Poland,Turks and Caicos Isds,3231
Poland,Tuvalu,46832
Poland,Uganda,18138995
Poland,Ukraine,5271783255
Poland,North Macedonia,130674581
Poland,Egypt,318809531
Poland,United Kingdom,16198245157
Poland,United Rep. of Tanzania,22931159
Poland,Bunkers,153162020
Poland,Special Categories,28448160
Poland,USA,7283604930
Poland,Burkina Faso,24305303
Poland,Uruguay,16721299
Poland,Uzbekistan,188295543
Poland,Venezuela,2348359
Poland,Wallis and Futuna Isds,3887
Poland,Samoa,808684
Poland,Yemen,11892573
Poland,Zambia,3327609
Germany,World,1562418816337
Germany,Afghanistan,95511453
Germany,Albania,295464794
Germany,Antarctica,229601
Germany,Algeria,2595051926
Germany,American Samoa,7784
Germany,Andorra,52003517
Germany,Angola,163894266
Germany,Antigua and Barbuda,17596076
Germany,Azerbaijan,542485692
Germany,Argentina,3476883492
Germany,Australia,11871220948
Germany,Austria,75276412199
Germany,Bahamas,484172306
Germany,Bangladesh,982205291
Germany,Armenia,240619984
Germany,Barbados,19481217
Germany,Belgium,52241080723
Germany,Bermuda,9552127
Germany,Bhutan,2112462
Germany,Bolivia (Plurinational State of),172030408
Germany,Bosnia Herzegovina,1087127930
Germany,Botswana,87621104
Germany,Bouvet Island,17723
Germany,Brazil,11273512104
Germany,Belize,3401717
Germany,Solomon Isds,298487
Germany,Br. Virgin Isds,115376381
Germany,Brunei Darussalam,134323989
Germany,Bulgaria,4694406693
Germany,Myanmar,145734564
Germany,Burundi,11542170
Germany,Belarus,1798488891
Germany,Cambodia,157911624
Germany,Cameroon,126574395
Germany,Canada,12056023570
Germany,Cabo Verde,11458396
Germany,Cayman Isds,767514774
Germany,Central African Rep.,12041822
Germany,Sri Lanka,419448894
Germany,Chad,17497501
Germany,Chile,3165044088
Germany,China,110452930389
Germany,Christmas Isds,3568
Germany,Colombia,1769813303
Germany,Comoros,1369466
Germany,Congo,50578990
Germany,Dem. Rep. of the Congo,107129562
Germany,Cook Isds,1006906
Germany,Costa Rica,296669969
Germany,Croatia,4257577220
Germany,Cuba,269195084
Germany,Cyprus,760641247
Germany,Czechia,51826716461
Germany,Benin,47871523
Germany,Denmark,23619123763
Germany,Dominica,1780795
Germany,Dominican Rep.,342891028
Germany,Ecuador,575498866
Germany,El Salvador,257771249
Germany,Equatorial Guinea,22046884
Germany,Ethiopia,302857188
Germany,Eritrea,15907126
Germany,Estonia,2342644724
Germany,Faeroe Isds,90345003
Germany,Falkland Isds (Malvinas),87927
Germany,Fiji,10486046
Germany,Finland,13144696291
Germany,France,124361108658
Germany,French Polynesia,35816204
Germany,Fr. South Antarctic Terr.,3249645
Germany,Djibouti,16825729
Germany,Gabon,57658726
Germany,Georgia,444806793
Germany,Gambia,14305287
Germany,State of Palestine,107124746
Germany,Ghana,274562442
Germany,Gibraltar,33103272
Germany,Kiribati,15576
Germany,Greece,6783145525
Germany,Greenland,12693017
Germany,Grenada,4751084
Germany,Guam,7124741
Germany,Guatemala,337181247
Germany,Guinea,141048007
Germany,Guyana,11722316
Germany,Haiti,45824822
Germany,Heard Island and McDonald Islands,46906
Germany,Holy See (Vatican City State),3537647
Germany,Honduras,194949782
Germany,Hungary,30956987547
Germany,Iceland,860377201
Germany,Indonesia,3403598647
Germany,Iran,3232393300
Germany,Iraq,874807760
Germany,Ireland,13543397490
Germany,Israel,5510751497
Germany,Italy,82414016512
Germany,Côte d'Ivoire,252388195
Germany,Jamaica,118951581
Germany,Japan,24239532472
Germany,Kazakhstan,1709194497
Germany,Jordan,974899338
Germany,Kenya,445987888
Germany,Dem. People's Rep. of Korea,3272877
Germany,Rep. of Korea,20394670579
Germany,Kuwait,1523585241
Germany,Kyrgyzstan,75248769
Germany,Lao People's Dem. Rep.,34957264
Germany,Lebanon,924170033
Germany,Lesotho,1691276
Germany,Latvia,2119197147
Germany,Liberia,299385148
Germany,Libya,396444885
Germany,Lithuania,4074750830
Germany,Luxembourg,7073955423
Germany,Madagascar,47935304
Germany,Malawi,23297609
Germany,Malaysia,6138835958
Germany,Maldives,56382392
Germany,Mali,126816218
Germany,Malta,783766804
Germany,Mauritania,85573501
Germany,Mauritius,160392060
Germany,Mexico,16479936716
Germany,Mongolia,161321488
Germany,Rep. of Moldova,492557093
Germany,Montenegro,151404378
Germany,Montserrat,103542
Germany,Morocco,2451653864
Germany,Mozambique,126230016
Germany,Oman,961607514
Germany,Namibia,68881721
Germany,Nauru,38884
Germany,Nepal,55445773
Germany,Netherlands,99570744246
Germany,Curaçao,47056112
Germany,Aruba,54047085
Germany,Saint Maarten,4330462
Germany,Bonaire,1460039
Germany,New Caledonia,48660969
Germany,Vanuatu,1043181
Germany,New Zealand,1777437356
Germany,Nicaragua,63812143
Germany,Niger,28155565
Germany,Nigeria,1037683011
Germany,Norfolk Isds,113853
Germany,Norway,11025438330
Germany,N. Mariana Isds,458398
Germany,United States Minor Outlying Islands,146979
Germany,FS Micronesia,228246
Germany,Marshall Isds,792761351
Germany,Palau,255625
Germany,Pakistan,1544621460
Germany,Panama,498638726
Germany,Papua New Guinea,26788323
Germany,Paraguay,210939236
Germany,Peru,1008063008
Germany,Philippines,3065463546
Germany,Poland,74773677152
Germany,Portugal,11853228599
Germany,Guinea-Bissau,3245223
Germany,Timor-Leste,257443
Germany,Qatar,1631414498
Germany,Romania,19211630317
Germany,Russian Federation,31350927514
Germany,Rwanda,52919206
Germany,Saint Barthélemy,1207990
Germany,Saint Helena,107777
Germany,Saint Kitts and Nevis,8221478
Germany,Anguilla,1292546
Germany,Saint Lucia,4277589
Germany,Saint Pierre and Miquelon,765610
Germany,Saint Vincent and the Grenadines,1634329
Germany,San Marino,61345102
Germany,Sao Tome and Principe,341314
Germany,Saudi Arabia,7484085163
Germany,Senegal,149800300
Germany,Serbia,3484302462
Germany,Seychelles,18538577
Germany,Sierra Leone,24238706
Germany,India,14878761168
Germany,Singapore,9518147435
Germany,Slovakia,16360783472
Germany,Viet Nam,4878763463
Germany,Slovenia,6595845713
Germany,Somalia,27008988
Germany,South Africa,10893894824
Germany,Zimbabwe,39732757
Germany,Spain,52258979467
Germany,South Sudan,6037968
Germany,Sudan,194448902
Germany,Western Sahara,70069
Germany,Suriname,26018049
Germany,Eswatini,8667371
Germany,Sweden,31001802530
Germany,Switzerland,65490002826
Germany,Syria,106121927
Germany,Tajikistan,56676486
Germany,Thailand,6039070739
Germany,Togo,60476689
Germany,Tokelau,753094
Germany,Tonga,196436
Germany,Trinidad and Tobago,109698273
Germany,United Arab Emirates,9967793505
Germany,Tunisia,1793114035
Germany,Turkey,22761398748
Germany,Turkmenistan,173705623
Germany,Turks and Caicos Isds,1190541
Germany,Tuvalu,27117
Germany,Uganda,125478419
Germany,Ukraine,5484965205
Germany,North Macedonia,1437825661
Germany,Egypt,3816168151
Germany,United Kingdom,96659170689
Germany,United Rep. of Tanzania,178374937
Germany,Bunkers,4582835683
Germany,Special Categories,11466788410
Germany,USA,134363438748
Germany,Burkina Faso,92183851
Germany,Uruguay,274134557
Germany,Uzbekistan,829077695
Germany,Venezuela,152559267
Germany,Wallis and Futuna Isds,102002
Germany,Samoa,2122000
Germany,Yemen,69597269
Germany,Zambia,78206864
Russian Federation,World,451494828173
Russian Federation,Afghanistan,118660674
Russian Federation,Albania,125691008
Russian Federation,Algeria,4801849548
Russian Federation,Andorra,98703
Russian Federation,Angola,49469278
Russian Federation,Antigua and Barbuda,1521
Russian Federation,Azerbaijan,1713359626
Russian Federation,Argentina,394698452
Russian Federation,Australia,141046592
Russian Federation,Austria,3375466863
Russian Federation,Bahamas,41726720
Russian Federation,Bahrain,93674016
Russian Federation,Bangladesh,733511117
Russian Federation,Armenia,1341378203
Russian Federation,Barbados,332
Russian Federation,Belgium,9211361453
Russian Federation,Bermuda,11013824
Russian Federation,Bolivia (Plurinational State of),8359118
Russian Federation,Bosnia Herzegovina,86518163
Russian Federation,Botswana,19515567
Russian Federation,Brazil,2584083054
Russian Federation,Belize,1580527
Russian Federation,Br. Virgin Isds,21783035
Russian Federation,Brunei Darussalam,810712
Russian Federation,Bulgaria,2942858396
Russian Federation,Myanmar,272367609
Russian Federation,Burundi,10409303
Russian Federation,Belarus,22779795969
Russian Federation,Cambodia,11556044
Russian Federation,Cameroon,103461846
Russian Federation,Canada,580644396
Russian Federation,Cabo Verde,2391535
Russian Federation,Cayman Isds,14201227
Russian Federation,Central African Rep.,904940
Russian Federation,Sri Lanka,105720476
Russian Federation,Chad,1165235
Russian Federation,Chile,124210267
Russian Federation,China,56019903783
Russian Federation,Colombia,273497037
Russian Federation,Congo,38109750
Russian Federation,Dem. Rep. of the Congo,33095479
Russian Federation,Costa Rica,57454104
Russian Federation,Croatia,1229607691
Russian Federation,Cuba,372705792
Russian Federation,Cyprus,786523447
Russian Federation,Czechia,4896726792
Russian Federation,Benin,10227103
Russian Federation,Denmark,3891054810
Russian Federation,Dominica,1867103
Russian Federation,Dominican Rep.,110627173
Russian Federation,Ecuador,356498331
Russian Federation,El Salvador,20705999
Russian Federation,Equatorial Guinea,34233525
Russian Federation,Ethiopia,85586442
Russian Federation,Eritrea,12017628
Russian Federation,Estonia,2452262125
Russian Federation,Faeroe Isds,17782767
Russian Federation,Falkland Isds (Malvinas),1285000
Russian Federation,Fiji,4696
Russian Federation,Finland,11370570449
Russian Federation,France,7781229618
Russian Federation,French Polynesia,15547
Russian Federation,Djibouti,16857543
Russian Federation,Gabon,6588284
Russian Federation,Georgia,956794392
Russian Federation,Gambia,1554484
Russian Federation,State of Palestine,4949553
Russian Federation,Germany,34184357758
Russian Federation,Ghana,110047400
Russian Federation,Gibraltar,148426090
Russian Federation,Greece,4056025662
Russian Federation,Greenland,8543
Russian Federation,Guam,2118
Russian Federation,Guatemala,81563393
Russian Federation,Guinea,61161511
Russian Federation,Guyana,2682677
Russian Federation,Haiti,11375275
Russian Federation,Honduras,27989426
Russian Federation,Hungary,4801276438
Russian Federation,Iceland,15913203
Russian Federation,Indonesia,868087425
Russian Federation,Iran,1205741841
Russian Federation,Iraq,765466600
Russian Federation,Ireland,677893744
Russian Federation,Israel,1954133623
Russian Federation,Italy,16400963508
Russian Federation,Côte d'Ivoire,52819133
Russian Federation,Jamaica,1865258
Russian Federation,Japan,12440341530
Russian Federation,Kazakhstan,12923330620
Russian Federation,Jordan,588196928
Russian Federation,Kenya,217573728
Russian Federation,Dem. People's Rep. of Korea,32106795
Russian Federation,Rep. of Korea,17824997468
Russian Federation,Kuwait,644564352
Russian Federation,Kyrgyzstan,1635408173
Russian Federation,Lao People's Dem. Rep.,148816022
Russian Federation,Lebanon,460771796
Russian Federation,Latvia,4821833255
Russian Federation,Liberia,4768251
Russian Federation,Libya,227091259
Russian Federation,Lithuania,4224963701
Russian Federation,Luxembourg,63807429
Russian Federation,Madagascar,13272731
Russian Federation,Malawi,11461396
Russian Federation,Malaysia,1086596335
Russian Federation,Maldives,3320907
Russian Federation,Mali,41148186
Russian Federation,Malta,4664845801
Russian Federation,Mauritania,24481185
Russian Federation,Mauritius,4358782
Russian Federation,Mexico,2003659215
Russian Federation,Mongolia,1609128318
Russian Federation,Rep. of Moldova,1204617772
Russian Federation,Montenegro,11747960
Russian Federation,Morocco,929078749
Russian Federation,Mozambique,95364852
Russian Federation,Oman,154139186
Russian Federation,Namibia,14412228
Russian Federation,Nepal,7029304
Russian Federation,Netherlands,43450496563
Russian Federation,Curaçao,493506233
Russian Federation,Aruba,31470
Russian Federation,New Caledonia,2791002
Russian Federation,New Zealand,27086955
Russian Federation,Nicaragua,34973393
Russian Federation,Niger,259064
Russian Federation,Nigeria,733738439
Russian Federation,Norway,1140838232
Russian Federation,FS Micronesia,8606
Russian Federation,Marshall Isds,9159825
Russian Federation,Pakistan,418832612
Russian Federation,Panama,21635456
Russian Federation,Papua New Guinea,962380
Russian Federation,Paraguay,14872449
Russian Federation,Peru,339023907
Russian Federation,Philippines,799537848
Russian Federation,Poland,16607201973
Russian Federation,Portugal,906738188
Russian Federation,Qatar,42328409
Russian Federation,Romania,3095825283
Russian Federation,Rwanda,30632358
Russian Federation,Saint Kitts and Nevis,345
Russian Federation,Saint Lucia,21917
Russian Federation,Saint Vincent and the Grenadines,1232
Russian Federation,San Marino,236721
Russian Federation,Sao Tome and Principe,6790
Russian Federation,Saudi Arabia,762729122
Russian Federation,Senegal,559116691
Russian Federation,Serbia,1011000574
Russian Federation,Seychelles,5717296
Russian Federation,Sierra Leone,690269
Russian Federation,India,7751475129
Russian Federation,Singapore,2789631849
Russian Federation,Slovakia,3790384523
Russian Federation,Viet Nam,2457278930
Russian Federation,Slovenia,377494449
Russian Federation,Somalia,5076567
Russian Federation,South Africa,285742174
Russian Federation,Zimbabwe,9711030
Russian Federation,Spain,2362646766
Russian Federation,South Sudan,2809706
Russian Federation,Sudan,509002130
Russian Federation,Western Sahara,4604495
Russian Federation,Suriname,2958255
Russian Federation,Eswatini,24721
Russian Federation,Sweden,3140777153
Russian Federation,Switzerland,4648391513
Russian Federation,Syria,400146735
Russian Federation,Tajikistan,849587234
Russian Federation,Thailand,753474532
Russian Federation,Togo,196554530
Russian Federation,Tokelau,98475
Russian Federation,Trinidad and Tobago,558337004
Russian Federation,United Arab Emirates,1483243063
Russian Federation,Tunisia,683604800
Russian Federation,Turkey,21312068617
Russian Federation,Turkmenistan,288830545
Russian Federation,Uganda,62655444
Russian Federation,Ukraine,9521066424
Russian Federation,North Macedonia,52244670
Russian Federation,Egypt,7062278801
Russian Federation,United Kingdom,9769720566
Russian Federation,United Rep. of Tanzania,179206214
Russian Federation,USA,12569089285
Russian Federation,Burkina Faso,32181573
Russian Federation,Uruguay,33036165
Russian Federation,Uzbekistan,3317879453
Russian Federation,Venezuela,84063071
Russian Federation,Yemen,300315117
Russian Federation,Zambia,3718892
Lithuania,World,33334576736
Lithuania,Afghanistan,9679408
Lithuania,Albania,3223457
Lithuania,Algeria,187225892
Lithuania,Andorra,328489
Lithuania,Angola,15543150
Lithuania,Antigua and Barbuda,35114
Lithuania,Azerbaijan,30709035
Lithuania,Argentina,17987996
Lithuania,Australia,72578417
Lithuania,Austria,173998320
Lithuania,Bahamas,1201518
Lithuania,Bahrain,7097921
Lithuania,Bangladesh,27659103
Lithuania,Armenia,27301820
Lithuania,Barbados,206862
Lithuania,Belgium,518404831
Lithuania,Bermuda,61220
Lithuania,Bhutan,8796
Lithuania,Bolivia (Plurinational State of),473875
Lithuania,Bosnia Herzegovina,6713523
Lithuania,Botswana,174365
Lithuania,Brazil,21045152
Lithuania,Belize,116126
Lithuania,Brunei Darussalam,167734
Lithuania,Bulgaria,85601569
Lithuania,Myanmar,514607
Lithuania,Burundi,3915
Lithuania,Belarus,1271305780
Lithuania,Cambodia,1650023
Lithuania,Cameroon,3563287
Lithuania,Canada,55262628
Lithuania,Cabo Verde,9291
Lithuania,Central African Rep.,46265
Lithuania,Sri Lanka,2921483
Lithuania,Chad,40199
Lithuania,Chile,14901030
Lithuania,China,222728974
Lithuania,Colombia,2769405
Lithuania,Congo,227388
Lithuania,Dem. Rep. of the Congo,1294656
Lithuania,Costa Rica,1378685
Lithuania,Croatia,56342398
Lithuania,Cuba,2697640
Lithuania,Cyprus,17193598
Lithuania,Czechia,355720907
Lithuania,Benin,8448719
Lithuania,Denmark,837776723
Lithuania,Dominica,66629
Lithuania,Dominican Rep.,3707894
Lithuania,Ecuador,1190886
Lithuania,El Salvador,253357
Lithuania,Equatorial Guinea,44923
Lithuania,Ethiopia,1414718
Lithuania,Estonia,1639108482
Lithuania,Faeroe Isds,10030562
Lithuania,Fiji,164103
Lithuania,Finland,594474229
Lithuania,France,835554964
Lithuania,French Polynesia,265432
Lithuania,Djibouti,48304
Lithuania,Gabon,233788
Lithuania,Georgia,32467217
Lithuania,Gambia,466856
Lithuania,State of Palestine,1206929
Lithuania,Germany,2460238358
Lithuania,Ghana,3554195
Lithuania,Gibraltar,20763073
Lithuania,Greece,57746819
Lithuania,Greenland,303793
Lithuania,Grenada,554947
Lithuania,Guam,7595
Lithuania,Guatemala,1096267
Lithuania,Guinea,548213
Lithuania,Guyana,372229
Lithuania,Haiti,304983
Lithuania,Honduras,75703
Lithuania,Hungary,268913048
Lithuania,Iceland,51194582
Lithuania,Indonesia,13815694
Lithuania,Iran,6254781
Lithuania,Iraq,8913741
Lithuania,Ireland,131229162
Lithuania,Israel,56587015
Lithuania,Italy,727449028
Lithuania,Côte d'Ivoire,7820385
Lithuania,Jamaica,1164292
Lithuania,Japan,363814241
Lithuania,Kazakhstan,443399118
Lithuania,Jordan,10662815
Lithuania,Kenya,12635291
Lithuania,Rep. of Korea,88675889
Lithuania,Kuwait,23021336
Lithuania,Kyrgyzstan,55209474
Lithuania,Lao People's Dem. Rep.,38282
Lithuania,Lebanon,5347439
Lithuania,Lesotho,561
Lithuania,Latvia,3267453613
Lithuania,Liberia,156896
Lithuania,Libya,45902687
Lithuania,Luxembourg,17077482
Lithuania,Madagascar,334548
Lithuania,Malawi,1128579
Lithuania,Malaysia,15192922
Lithuania,Maldives,1171583
Lithuania,Mali,1243349
Lithuania,Malta,5359886
Lithuania,Mauritania,1132484
Lithuania,Mauritius,3703921
Lithuania,Mexico,29883891
Lithuania,Mongolia,14283036
Lithuania,Rep. of Moldova,37388051
Lithuania,Montenegro,1782139
Lithuania,Morocco,28977031
Lithuania,Mozambique,18944495
Lithuania,Oman,2051601
Lithuania,Namibia,2321622
Lithuania,Nepal,623384
Lithuania,Netherlands,1121866061
Lithuania,Curaçao,6776
Lithuania,Aruba,160668
Lithuania,Saint Maarten,320153
Lithuania,New Caledonia,509092
Lithuania,Vanuatu,35546
Lithuania,New Zealand,13842194
Lithuania,Nicaragua,205325
Lithuania,Niger,12879
Lithuania,Nigeria,70020075
Lithuania,Norway,931479815
Lithuania,Marshall Isds,4447
Lithuania,Pakistan,6310672
Lithuania,Panama,26195792
Lithuania,Papua New Guinea,55130
Lithuania,Paraguay,784526
Lithuania,Peru,2816075
Lithuania,Philippines,7212696
Lithuania,Poland,2749510012
Lithuania,Portugal,99052527
Lithuania,Guinea-Bissau,449780
Lithuania,Timor-Leste,1450
Lithuania,Qatar,3330848
Lithuania,Romania,128057383
Lithuania,Russian Federation,4665591141
Lithuania,Rwanda,456803
Lithuania,Saint Barthélemy,45007
Lithuania,Saint Kitts and Nevis,220780
Lithuania,Saint Lucia,68251
Lithuania,Saint Vincent and the Grenadines,57085
Lithuania,San Marino,240913
Lithuania,Saudi Arabia,195736867
Lithuania,Senegal,2005779
Lithuania,Serbia,20297827
Lithuania,Seychelles,13922
Lithuania,Sierra Leone,751417
Lithuania,India,60774748
Lithuania,Singapore,444081308
Lithuania,Slovakia,126355811
Lithuania,Viet Nam,27480655
Lithuania,Slovenia,52093157
Lithuania,Somalia,25584
Lithuania,South Africa,41681425
Lithuania,Zimbabwe,624852
Lithuania,Spain,364172229
Lithuania,South Sudan,27705
Lithuania,Sudan,818779
Lithuania,Suriname,151248
Lithuania,Eswatini,16318
Lithuania,Sweden,1615173161
Lithuania,Switzerland,179507575
Lithuania,Syria,1317143
Lithuania,Tajikistan,31680545
Lithuania,Thailand,15523741
Lithuania,Togo,3279027
Lithuania,Trinidad and Tobago,1269079
Lithuania,United Arab Emirates,60554764
Lithuania,Tunisia,3396853
Lithuania,Turkey,272057253
Lithuania,Turkmenistan,9421608
Lithuania,Uganda,537082
Lithuania,Ukraine,1020205568
Lithuania,North Macedonia,3315487
Lithuania,Egypt,56591697
Lithuania,United Kingdom,1272812754
Lithuania,United Rep. of Tanzania,3210228
Lithuania,Bunkers,156966362
Lithuania,USA,1675452328
Lithuania,Burkina Faso,566366
Lithuania,Uruguay,3216671
Lithuania,Uzbekistan,210527953
Lithuania,Venezuela,1642956
Lithuania,Samoa,32576
Lithuania,Yemen,559872
Lithuania,Zambia,1183544
Belarus,World,33726141400
Belarus,Afghanistan,33488600
Belarus,Albania,94100
Belarus,Algeria,11356600
Belarus,Andorra,188800
Belarus,Angola,10307800
Belarus,Azerbaijan,227737000
Belarus,Argentina,31151900
Belarus,Australia,31214700
Belarus,Austria,26376700
Belarus,Bahrain,171700
Belarus,Bangladesh,83580400
Belarus,Armenia,37390700
Belarus,Barbados,800
Belarus,Belgium,179487000
Belarus,Bolivia (Plurinational State of),2500
Belarus,Bosnia Herzegovina,7704800
Belarus,Botswana,300
Belarus,Brazil,585291200
Belarus,Belize,18800
Belarus,Br. Virgin Isds,233400
Belarus,Brunei Darussalam,1817900
Belarus,Bulgaria,62787900
Belarus,Myanmar,8700900
Belarus,Burundi,5200
Belarus,Cambodia,1850300
Belarus,Cameroon,14240500
Belarus,Canada,22279100
Belarus,Central African Rep.,200500
Belarus,Sri Lanka,31123300
Belarus,Chad,1124200
Belarus,Chile,2897700
Belarus,China,476390700
Belarus,Colombia,57124700
Belarus,Comoros,16100
Belarus,Congo,894200
Belarus,Dem. Rep. of the Congo,1347800
Belarus,Costa Rica,19201700
Belarus,Croatia,12788500
Belarus,Cuba,13712700
Belarus,Cyprus,469000
Belarus,Czechia,115991000
Belarus,Benin,195300
Belarus,Denmark,24772300
Belarus,Dominica,2500
Belarus,Dominican Rep.,5948700
Belarus,Ecuador,37872300
Belarus,El Salvador,703900
Belarus,Equatorial Guinea,50400
Belarus,Ethiopia,2768100
Belarus,Estonia,142975000
Belarus,Fiji,518000
Belarus,Finland,18835500
Belarus,France,74734800
Belarus,French Polynesia,26400
Belarus,Djibouti,1900
Belarus,Gabon,274200
Belarus,Georgia,53110400
Belarus,Gambia,12900
Belarus,State of Palestine,26200
Belarus,Germany,1443493500
Belarus,Ghana,4668400
Belarus,Gibraltar,200
Belarus,Greece,8059000
Belarus,Guatemala,29434400
Belarus,Guinea,453100
Belarus,Guyana,739900
Belarus,Honduras,106900
Belarus,Hungary,76022900
Belarus,Iceland,14459600
Belarus,Indonesia,227282600
Belarus,Iran,32045700
Belarus,Iraq,15726200
Belarus,Ireland,13816300
Belarus,Israel,92931200
Belarus,Italy,123931000
Belarus,Côte d'Ivoire,20187300
Belarus,Japan,17043900
Belarus,Kazakhstan,782266000
Belarus,Jordan,15694900
Belarus,Kenya,3118100
Belarus,Rep. of Korea,45373600
Belarus,Kuwait,6213200
Belarus,Kyrgyzstan,120319700
Belarus,Lao People's Dem. Rep.,117600
Belarus,Lebanon,3479200
Belarus,Lesotho,200
Belarus,Latvia,471927400
Belarus,Liberia,214400
Belarus,Libya,5095500
Belarus,Lithuania,1152053300
Belarus,Luxembourg,1560100
Belarus,Madagascar,499700
Belarus,Malawi,34100
Belarus,Malaysia,170858000
Belarus,Mali,23299600
Belarus,Malta,24926700
Belarus,Mauritania,3954300
Belarus,Mauritius,397700
Belarus,Mexico,20135700
Belarus,Mongolia,19116400
Belarus,Rep. of Moldova,140352100
Belarus,Montenegro,413400
Belarus,Morocco,62712300
Belarus,Mozambique,783400
Belarus,Oman,1805900
Belarus,Namibia,700
Belarus,Nepal,511000
Belarus,Netherlands,1428495300
Belarus,Aruba,1400
Belarus,New Caledonia,400
Belarus,New Zealand,20517400
Belarus,Nicaragua,4064800
Belarus,Niger,182200
Belarus,Nigeria,30973800
Belarus,Norway,147247000
Belarus,Marshall Isds,8300
Belarus,Pakistan,39421800
Belarus,Panama,6912200
Belarus,Papua New Guinea,538700
Belarus,Paraguay,13315000
Belarus,Peru,10972800
Belarus,Philippines,10745100
Belarus,Poland,1341627500
Belarus,Portugal,4708000
Belarus,Qatar,385900
Belarus,Romania,79987500
Belarus,Russian Federation,12879206000
Belarus,Rwanda,500
Belarus,San Marino,1900
Belarus,Saudi Arabia,9549900
Belarus,Senegal,19334700
Belarus,Serbia,74941100
Belarus,Sierra Leone,801800
Belarus,India,297105100
Belarus,Singapore,18269800
Belarus,Slovakia,105573400
Belarus,Viet Nam,61649800
Belarus,Slovenia,12432800
Belarus,South Africa,17172900
Belarus,Zimbabwe,1785600
Belarus,Spain,29078500
Belarus,South Sudan,336200
Belarus,Sudan,12416400
Belarus,Sweden,52125400
Belarus,Switzerland,24782300
Belarus,Syria,6147600
Belarus,Tajikistan,25151300
Belarus,Thailand,80057700
Belarus,Togo,186800
Belarus,Trinidad and Tobago,92400
Belarus,United Arab Emirates,49784800
Belarus,Tunisia,2573700
Belarus,Turkey,182432800
Belarus,Turkmenistan,22987300
Belarus,Uganda,569300
Belarus,Ukraine,4061534200
Belarus,North Macedonia,1127200
Belarus,Egypt,83013900
Belarus,United Kingdom,3072590300
Belarus,United Rep. of Tanzania,2137500
Belarus,USA,274436700
Belarus,Burkina Faso,3927300
Belarus,Uruguay,6463000
Belarus,Uzbekistan,111022300
Belarus,Venezuela,2412200
Belarus,Yemen,847600
Belarus,Zambia,1150400
Ukraine,World,47334679853
Ukraine,Afghanistan,7147863
Ukraine,Albania,23908488
Ukraine,Algeria,390647706
Ukraine,Andorra,10944
Ukraine,Angola,23954399
Ukraine,Antigua and Barbuda,47289
Ukraine,Azerbaijan,360029879
Ukraine,Argentina,9636757
Ukraine,Australia,30033605
Ukraine,Austria,553191579
Ukraine,Bahamas,13228613
Ukraine,Bahrain,14402345
Ukraine,Bangladesh,218160560
Ukraine,Armenia,136697131
Ukraine,Barbados,9788
Ukraine,Belgium,603521009
Ukraine,Bermuda,30433
Ukraine,Bolivia (Plurinational State of),833380
Ukraine,Bosnia Herzegovina,32039787
Ukraine,Botswana,456562
Ukraine,Brazil,44837249
Ukraine,Belize,4145586
Ukraine,Br. Virgin Isds,4712133
Ukraine,Brunei Darussalam,73305
Ukraine,Bulgaria,513862288
Ukraine,Myanmar,35671031
Ukraine,Burundi,267857
Ukraine,Belarus,1304196400
Ukraine,Cambodia,620684
Ukraine,Cameroon,40856992
Ukraine,Canada,78144378
Ukraine,Cabo Verde,114604
Ukraine,Central African Rep.,709961
Ukraine,Sri Lanka,40837646
Ukraine,Chad,1690182
Ukraine,Chile,8028799
Ukraine,China,2200142008
Ukraine,Colombia,38578516
Ukraine,Comoros,301616
Ukraine,Congo,3343440
Ukraine,Dem. Rep. of the Congo,19611059
Ukraine,Cook Isds,47749
Ukraine,Costa Rica,79514562
Ukraine,Croatia,35010533
Ukraine,Cuba,8553879
Ukraine,Cyprus,40363854
Ukraine,Czechia,878035732
Ukraine,Benin,11552625
Ukraine,Denmark,249974816
Ukraine,Dominica,247674
Ukraine,Dominican Rep.,3871518
Ukraine,Ecuador,908118
Ukraine,El Salvador,358140
Ukraine,Equatorial Guinea,6312160
Ukraine,Ethiopia,93419589
Ukraine,Eritrea,928248
Ukraine,Estonia,152061517
Ukraine,Fiji,158870
Ukraine,Finland,80642793
Ukraine,France,540668161
Ukraine,French Polynesia,19333
Ukraine,Djibouti,34939111
Ukraine,Gabon,14202756
Ukraine,Georgia,479992242
Ukraine,Gambia,23967765
Ukraine,State of Palestine,24164438
Ukraine,Germany,2208347124
Ukraine,Ghana,72609429
Ukraine,Gibraltar,156319
Ukraine,Greece,279900678
Ukraine,Greenland,198
Ukraine,Guatemala,2062460
Ukraine,Guinea,19291957
Ukraine,Guyana,910974
Ukraine,Haiti,8458893
Ukraine,Honduras,149235
Ukraine,Hungary,1646044666
Ukraine,Iceland,1409860
Ukraine,Indonesia,616238389
Ukraine,Iran,433091139
Ukraine,Iraq,644037883
Ukraine,Ireland,77508530
Ukraine,Israel,579994376
Ukraine,Italy,2628757126
Ukraine,Côte d'Ivoire,58904110
Ukraine,Jamaica,9837
Ukraine,Japan,231866235
Ukraine,Kazakhstan,376507679
Ukraine,Jordan,158512572
Ukraine,Kenya,59856212
Ukraine,Dem. People's Rep. of Korea,236665
Ukraine,Rep. of Korea,327434526
Ukraine,Kuwait,15067696
Ukraine,Kyrgyzstan,28605728
Ukraine,Lao People's Dem. Rep.,179575
Ukraine,Lebanon,404839532
Ukraine,Lesotho,77063
Ukraine,Latvia,294422104
Ukraine,Liberia,77749964
Ukraine,Libya,325667160
Ukraine,Lithuania,342713677
Ukraine,Luxembourg,7289811
Ukraine,Madagascar,1090559
Ukraine,Malawi,501279
Ukraine,Malaysia,125583402
Ukraine,Maldives,810427
Ukraine,Mali,23439048
Ukraine,Malta,65682505
Ukraine,Mauritania,62822659
Ukraine,Mauritius,755181
Ukraine,Mexico,155567916
Ukraine,Mongolia,29158205
Ukraine,Rep. of Moldova,789202267
Ukraine,Montenegro,6997806
Ukraine,Morocco,363207945
Ukraine,Mozambique,10478765
Ukraine,Oman,59116200
Ukraine,Namibia,343610
Ukraine,Nepal,17723388
Ukraine,Netherlands,1603531052
Ukraine,Curaçao,2555
Ukraine,Aruba,6486
Ukraine,New Caledonia,329249
Ukraine,Vanuatu,8702
Ukraine,New Zealand,5200431
Ukraine,Nicaragua,161179
Ukraine,Niger,225653
Ukraine,Nigeria,105219853
Ukraine,Norway,27976807
Ukraine,Marshall Isds,12422178
Ukraine,Palau,16753
Ukraine,Pakistan,130831134
Ukraine,Panama,7231703
Ukraine,Papua New Guinea,378971
Ukraine,Paraguay,129688
Ukraine,Peru,8479055
Ukraine,Philippines,329405246
Ukraine,Poland,3257236606
Ukraine,Portugal,247046382
Ukraine,Guinea-Bissau,121470
Ukraine,Qatar,59931846
Ukraine,Romania,932648586
Ukraine,Russian Federation,3652428495
Ukraine,Rwanda,795883
Ukraine,Saint Kitts and Nevis,2875314
Ukraine,Saint Vincent and the Grenadines,3847
Ukraine,San Marino,2613507
Ukraine,Saudi Arabia,749020486
Ukraine,Senegal,169039667
Ukraine,Serbia,268804993
Ukraine,Seychelles,1046778
Ukraine,Sierra Leone,4315502
Ukraine,India,2175941259
Ukraine,Singapore,165717113
Ukraine,Slovakia,863926362
Ukraine,Viet Nam,132023009
Ukraine,Slovenia,33306207
Ukraine,Somalia,10712491
Ukraine,South Africa,34114257
Ukraine,Zimbabwe,359795
Ukraine,Spain,1369890133
Ukraine,South Sudan,2954834
Ukraine,Sudan,45390020
Ukraine,Western Sahara,24412
Ukraine,Suriname,3432989
Ukraine,Sweden,70190218
Ukraine,Switzerland,108750164
Ukraine,Syria,7858352
Ukraine,Tajikistan,34431100
Ukraine,Thailand,228577895
Ukraine,Togo,15928704
Ukraine,Trinidad and Tobago,653897
Ukraine,United Arab Emirates,486154736
Ukraine,Tunisia,392009060
Ukraine,Turkey,2352352605
Ukraine,Turkmenistan,56835914
Ukraine,Tuvalu,5863
Ukraine,Uganda,12230347
Ukraine,North Macedonia,15818850
Ukraine,Egypt,1556938410
Ukraine,United Kingdom,584410640
Ukraine,United Rep. of Tanzania,17419691
Ukraine,USA,1113076816
Ukraine,Burkina Faso,11576077
Ukraine,Uruguay,504326
Ukraine,Uzbekistan,286023238
Ukraine,Venezuela,20580117
Ukraine,Yemen,114154161
Ukraine,Zambia,186458
Slovakia,World,93443738159
Slovakia,Afghanistan,3661667
Slovakia,Albania,27039082
Slovakia,Algeria,125150671
Slovakia,Andorra,125255
Slovakia,Angola,1716745
Slovakia,Antigua and Barbuda,8217
Slovakia,Azerbaijan,29316199
Slovakia,Argentina,27444083
Slovakia,Australia,147468592
Slovakia,Austria,5386141209
Slovakia,Bahamas,238428
Slovakia,Bahrain,14913012
Slovakia,Bangladesh,2621402
Slovakia,Armenia,4024771
Slovakia,Barbados,128
Slovakia,Belgium,1241578059
Slovakia,Bermuda,9518
Slovakia,Bhutan,764207
Slovakia,Bolivia (Plurinational State of),1767897
Slovakia,Bosnia Herzegovina,120116651
Slovakia,Botswana,2032932
Slovakia,Brazil,85852448
Slovakia,Belize,2296
Slovakia,Br. Virgin Isds,1626
Slovakia,Brunei Darussalam,24383
Slovakia,Bulgaria,589050432
Slovakia,Myanmar,1143569
Slovakia,Belarus,90691308
Slovakia,Cambodia,155744
Slovakia,Cameroon,1407208
Slovakia,Canada,393530503
Slovakia,Cabo Verde,47499
Slovakia,Cayman Isds,168755
Slovakia,Central African Rep.,30172
Slovakia,Sri Lanka,8858922
Slovakia,Chad,550937
Slovakia,Chile,54900663
Slovakia,China,1609498498
Slovakia,Colombia,80714643
Slovakia,Comoros,24045
Slovakia,Congo,678847
Slovakia,Dem. Rep. of the Congo,3107019
Slovakia,Costa Rica,2946477
Slovakia,Croatia,515939488
Slovakia,Cuba,34260227
Slovakia,Cyprus,82482235
Slovakia,Czechia,10979549660
Slovakia,Benin,2256870
Slovakia,Denmark,754018564
Slovakia,Dominica,402
Slovakia,Dominican Rep.,4663316
Slovakia,Ecuador,6156090
Slovakia,El Salvador,171321
Slovakia,Equatorial Guinea,57112
Slovakia,Ethiopia,773475
Slovakia,Eritrea,52389
Slovakia,Estonia,122072853
Slovakia,Faeroe Isds,89229
Slovakia,Falkland Isds (Malvinas),5063
Slovakia,Fiji,218606
Slovakia,Finland,270469739
Slovakia,France,5906260201
Slovakia,French Polynesia,184132
Slovakia,Fr. South Antarctic Terr.,1786
Slovakia,Djibouti,337043
Slovakia,Gabon,1136627
Slovakia,Georgia,17043006
Slovakia,Gambia,555731
Slovakia,State of Palestine,9336533
Slovakia,Germany,20717664705
Slovakia,Ghana,12181150
Slovakia,Gibraltar,877588
Slovakia,Greece,356024780
Slovakia,Greenland,27
Slovakia,Grenada,1192
Slovakia,Guam,3053
Slovakia,Guatemala,9456434
Slovakia,Guinea,2008648
Slovakia,Guyana,177134
Slovakia,Honduras,802640
Slovakia,Hungary,5625390588
Slovakia,Iceland,22985864
Slovakia,Indonesia,9747973
Slovakia,Iran,36219770
Slovakia,Iraq,3948444
Slovakia,Ireland,164332319
Slovakia,Israel,292730847
Slovakia,Italy,5380648024
Slovakia,Côte d'Ivoire,2993112
Slovakia,Jamaica,2423045
Slovakia,Japan,159423365
Slovakia,Kazakhstan,33057393
Slovakia,Jordan,57219561
Slovakia,Kenya,5230020
Slovakia,Rep. of Korea,117833618
Slovakia,Kuwait,142891040
Slovakia,Kyrgyzstan,2891551
Slovakia,Lao People's Dem. Rep.,123673
Slovakia,Lebanon,21698985
Slovakia,Lesotho,7173
Slovakia,Latvia,183364594
Slovakia,Liberia,3075596
Slovakia,Libya,2107172
Slovakia,Lithuania,204564236
Slovakia,Luxembourg,113475580
Slovakia,Madagascar,2022597
Slovakia,Malawi,1154667
Slovakia,Malaysia,20934147
Slovakia,Maldives,578735
Slovakia,Mali,8159991
Slovakia,Malta,12619869
Slovakia,Mauritania,119215
Slovakia,Mauritius,6810883
Slovakia,Mexico,322618731
Slovakia,Mongolia,1261787
Slovakia,Rep. of Moldova,39480573
Slovakia,Montenegro,21734856
Slovakia,Morocco,193579867
Slovakia,Mozambique,3068834
Slovakia,Oman,41464891
Slovakia,Namibia,1418973
Slovakia,Nepal,100112
Slovakia,Netherlands,2037942774
Slovakia,Curaçao,261206
Slovakia,Aruba,12852
Slovakia,Saint Maarten,176826
Slovakia,Bonaire,1441
Slovakia,New Caledonia,700350
Slovakia,New Zealand,35956796
Slovakia,Nicaragua,654706
Slovakia,Niger,150231
Slovakia,Nigeria,10358014
Slovakia,Norway,214229481
Slovakia,United States Minor Outlying Islands,183532
Slovakia,FS Micronesia,5797
Slovakia,Palau,2231
Slovakia,Pakistan,21213914
Slovakia,Panama,5353179
Slovakia,Paraguay,7146390
Slovakia,Peru,10113385
Slovakia,Philippines,4002266
Slovakia,Poland,7149590208
Slovakia,Portugal,335566113
Slovakia,Guinea-Bissau,21297
Slovakia,Timor-Leste,81039
Slovakia,Qatar,27092436
Slovakia,Romania,2360909259
Slovakia,Russian Federation,1784486578
Slovakia,Rwanda,398026
Slovakia,Saint Barthélemy,870
Slovakia,Saint Kitts and Nevis,7088
Slovakia,Anguilla,229
Slovakia,Saint Lucia,187538
Slovakia,Saint Pierre and Miquelon,39320
Slovakia,San Marino,12850342
Slovakia,Saudi Arabia,101138371
Slovakia,Senegal,6191942
Slovakia,Serbia,457534777
Slovakia,Seychelles,291928
Slovakia,Sierra Leone,6552
Slovakia,India,85700120
Slovakia,Singapore,38780938
Slovakia,Viet Nam,31868566
Slovakia,Slovenia,695822279
Slovakia,Somalia,60573
Slovakia,South Africa,145360658
Slovakia,Zimbabwe,97815
Slovakia,Spain,2680491419
Slovakia,Sudan,2504325
Slovakia,Suriname,22073
Slovakia,Eswatini,1393
Slovakia,Sweden,1273157564
Slovakia,Switzerland,1433453341
Slovakia,Syria,2875619
Slovakia,Tajikistan,761012
Slovakia,Thailand,44183069
Slovakia,Togo,4022918
Slovakia,Trinidad and Tobago,1797926
Slovakia,United Arab Emirates,170165947
Slovakia,Tunisia,79839790
Slovakia,Turkey,649635319
Slovakia,Turkmenistan,1824798
Slovakia,Turks and Caicos Isds,200171
Slovakia,Uganda,956834
Slovakia,Ukraine,674049042
Slovakia,North Macedonia,78087807
Slovakia,Egypt,147734824
Slovakia,United Kingdom,4175508717
Slovakia,United Rep. of Tanzania,2432732
Slovakia,Bunkers,11492946
Slovakia,USA,3102714692
Slovakia,Burkina Faso,827895
Slovakia,Uruguay,3645460
Slovakia,Uzbekistan,10846194
Slovakia,Venezuela,6549726
Slovakia,Yemen,510762
Slovakia,Zambia,1710077
Czechia,World,202521577709
Czechia,Afghanistan,17081273
Czechia,Albania,63098612
Czechia,Antarctica,396127
Czechia,Algeria,283420412
Czechia,Andorra,2809718
Czechia,Angola,3876580
Czechia,Antigua and Barbuda,24696
Czechia,Azerbaijan,74394458
Czechia,Argentina,75840755
Czechia,Australia,437573886
Czechia,Austria,9022427928
Czechia,Bahamas,78864
Czechia,Bahrain,33570154
Czechia,Bangladesh,53892154
Czechia,Armenia,72811617
Czechia,Barbados,66379
Czechia,Belgium,4333007573
Czechia,Bermuda,52386
Czechia,Bhutan,91913
Czechia,Bolivia (Plurinational State of),5923111
Czechia,Bosnia Herzegovina,174995894
Czechia,Botswana,1207059
Czechia,Brazil,343742432
Czechia,Belize,517004
Czechia,Br. Virgin Isds,4148342
Czechia,Brunei Darussalam,587902
Czechia,Bulgaria,999177436
Czechia,Myanmar,4959849
Czechia,Burundi,256076
Czechia,Belarus,327693339
Czechia,Cambodia,5349467
Czechia,Cameroon,4859392
Czechia,Canada,358351194
Czechia,Cabo Verde,657818
Czechia,Cayman Isds,383265
Czechia,Central African Rep.,11367
Czechia,Sri Lanka,8951532
Czechia,Chad,2162589
Czechia,Chile,79096694
Czechia,China,2583493944
Czechia,Colombia,58603691
Czechia,Comoros,9986
Czechia,Congo,2483422
Czechia,Dem. Rep. of the Congo,5928520
Czechia,Costa Rica,9940233
Czechia,Croatia,714948317
Czechia,Cuba,33159297
Czechia,Cyprus,76217770
Czechia,Benin,2096052
Czechia,Denmark,1851046391
Czechia,Dominica,26174
Czechia,Dominican Rep.,12698645
Czechia,Ecuador,17160594
Czechia,El Salvador,21034249
Czechia,Equatorial Guinea,198644
Czechia,Ethiopia,15239059
Czechia,Eritrea,9444
Czechia,Estonia,388306920
Czechia,Faeroe Isds,2510399
Czechia,Fiji,63864
Czechia,Finland,1148492213
Czechia,France,10274863192
Czechia,French Polynesia,834244
Czechia,Fr. South Antarctic Terr.,200604
Czechia,Djibouti,211418
Czechia,Gabon,1362210
Czechia,Georgia,94448312
Czechia,Gambia,272558
Czechia,State of Palestine,3554934
Czechia,Germany,65641693394
Czechia,Ghana,17556692
Czechia,Gibraltar,10755357
Czechia,Kiribati,15
Czechia,Greece,501935823
Czechia,Greenland,766501
Czechia,Grenada,34625
Czechia,Guam,4750
Czechia,Guatemala,8101814
Czechia,Guinea,2568433
Czechia,Guyana,458374
Czechia,Haiti,170100
Czechia,Holy See (Vatican City State),120
Czechia,Honduras,7021548
Czechia,Hungary,6080248993
Czechia,Iceland,52209456
Czechia,Indonesia,135156821
Czechia,Iran,69634226
Czechia,Iraq,48249922
Czechia,Ireland,1280792646
Czechia,Israel,1016587956
Czechia,Italy,7812021809
Czechia,Côte d'Ivoire,33869992
Czechia,Jamaica,1873613
Czechia,Japan,911611820
Czechia,Kazakhstan,289113640
Czechia,Jordan,51626971
Czechia,Kenya,29071052
Czechia,Dem. People's Rep. of Korea,158
Czechia,Rep. of Korea,492597952
Czechia,Kuwait,85436975
Czechia,Kyrgyzstan,8504353
Czechia,Lao People's Dem. Rep.,28919138
Czechia,Lebanon,66449212
Czechia,Lesotho,58670
Czechia,Latvia,300920173
Czechia,Liberia,814369
Czechia,Libya,5942407
Czechia,Lithuania,714190498
Czechia,Luxembourg,266549333
Czechia,Madagascar,1334683
Czechia,Malawi,287677
Czechia,Malaysia,208731339
Czechia,Maldives,7517566
Czechia,Mali,10189304
Czechia,Malta,34831945
Czechia,Mauritania,1755526
Czechia,Mauritius,10341861
Czechia,Mexico,817102012
Czechia,Mongolia,13025836
Czechia,Rep. of Moldova,80067241
Czechia,Montenegro,82319816
Czechia,Morocco,399751238
Czechia,Mozambique,2107235
Czechia,Oman,60418331
Czechia,Namibia,2107846
Czechia,Nepal,6380704
Czechia,Netherlands,7469495415
Czechia,Curaçao,441194
Czechia,Aruba,62280
Czechia,Saint Maarten,227432
Czechia,Bonaire,36224
Czechia,New Caledonia,3150397
Czechia,Vanuatu,311002
Czechia,New Zealand,102846246
Czechia,Nicaragua,1617050
Czechia,Niger,1231049
Czechia,Nigeria,57325765
Czechia,Niue,38225
Czechia,Norway,869637252
Czechia,N. Mariana Isds,87136
Czechia,United States Minor Outlying Islands,6
Czechia,Marshall Isds,68218
Czechia,Pakistan,50905042
Czechia,Panama,6526371
Czechia,Papua New Guinea,5752739
Czechia,Paraguay,5172008
Czechia,Peru,44120819
Czechia,Philippines,114105879
Czechia,Poland,12235364967
Czechia,Portugal,698228138
Czechia,Guinea-Bissau,792
Czechia,Timor-Leste,41250
Czechia,Qatar,95583833
Czechia,Romania,3030921273
Czechia,Russian Federation,4118115285
Czechia,Rwanda,2209586
Czechia,Saint Barthélemy,31934
Czechia,Saint Helena,349568
Czechia,Saint Kitts and Nevis,4856
Czechia,Anguilla,136631
Czechia,Saint Lucia,35047
Czechia,Saint Vincent and the Grenadines,1505
Czechia,San Marino,1042919
Czechia,Sao Tome and Principe,30
Czechia,Saudi Arabia,483114787
Czechia,Senegal,20451934
Czechia,Serbia,726255091
Czechia,Seychelles,3359771
Czechia,Sierra Leone,108625
Czechia,India,702384454
Czechia,Singapore,345383130
Czechia,Slovakia,15284559341
Czechia,Viet Nam,140917477
Czechia,Slovenia,990523417
Czechia,Somalia,168930
Czechia,South Africa,648276957
Czechia,Zimbabwe,2028740
Czechia,Spain,6369132726
Czechia,South Sudan,269511
Czechia,Sudan,10310187
Czechia,Suriname,2032254
Czechia,Eswatini,630674
Czechia,Sweden,3516311549
Czechia,Switzerland,2736143450
Czechia,Syria,6021174
Czechia,Tajikistan,6104036
Czechia,Thailand,180763223
Czechia,Togo,2935844
Czechia,Tonga,4784
Czechia,Trinidad and Tobago,1001714
Czechia,United Arab Emirates,731372521
Czechia,Tunisia,165624194
Czechia,Turkey,2209877700
Czechia,Turkmenistan,6293041
Czechia,Turks and Caicos Isds,97818
Czechia,Uganda,14966941
Czechia,Ukraine,1509348766
Czechia,North Macedonia,140421852
Czechia,Egypt,391226422
Czechia,United Kingdom,9398882546
Czechia,United Rep. of Tanzania,16293509
Czechia,Bunkers,103621902
Czechia,USA,4179060406
Czechia,Burkina Faso,3680669
Czechia,Uruguay,6815288
Czechia,Uzbekistan,45111703
Czechia,Venezuela,1989344
Czechia,Samoa,309184
Czechia,Yemen,3888568
Czechia,Zambia,3624935